"Código","Nombre","Desc Tipo_PR"
"05790","SORRIBA (APD)","APEADERO"
"05797","VALDEPIELAGO (APD)","APEADERO"
"05953","MEDIA LEGUA (APD)","APEADERO"
"05967","SIERRA MINERA (APD)","APEADERO"
"70112","SOTO DEL HENARES(APD)","APEADERO"
"97200","MIRASIERRA-PACO DE LUCIA (APD)","APEADERO"
"51113","JARDINES DE HERCULES (APD)","APEADERO"
"72508","S PERPETUA MOGODA-RIERA CALDES (APD)","APEADERO"
"64210","ALBAL (APD)","APEADERO"
"05426","LA FELGUERA-LANGREO CENTRO (APD)","APEADERO"
"05734","SOTOSCUEVA (APD)","APEADERO"
"05736","DOSANTE CIDAD (APD)","APEADERO"
"05737","ROBREDO-AHEDO (APD)","APEADERO"
"05738","SONCILLO (APD)","APEADERO"
"05739","CABAÑAS DE VIRTUS (APD)","APEADERO"
"05741","LLANO (APD)","APEADERO"
"05742","LAS ROZAS DE VALDEARROYO (APD)","APEADERO"
"05743","MONTES CLAROS (APD)","APEADERO"
"05746","CORDOVILLA (APD)","APEADERO"
"05747","CILLAMAYOR (APD)","APEADERO"
"05748","SALINAS DE PISUERGA (APD)","APEADERO"
"05750","CASTREJON DE LA PEÑA (APD)","APEADERO"
"05751","VILLAVERDE-TARILONTE (APD)","APEADERO"
"05752","SANTIBAÑEZ DE LA PEÑA (APD)","APEADERO"
"05753","GUARDO-APEADERO","APEADERO"
"05755","LA LLAMA DE LA GUZPEÑA(APD)","APEADERO"
"05757","VALCUENDE (APD)","APEADERO"
"05759","PRADO DE LA GUZPEÑA (APD)","APEADERO"
"05760","VALLE DE LAS CASAS (APD)","APEADERO"
"05762","YUGUEROS (APD)","APEADERO"
"05764","BARRILLOS (APD)","APEADERO"
"05765","LA LOSILLA (APD)","APEADERO"
"05768","AVIADOS (APD)","APEADERO"
"05769","LA VALCUEVA (APD)","APEADERO"
"05771","PARDAVE (APD)","APEADERO"
"05772","PEDRUN (APD)","APEADERO"
"05773","MANZANEDA (APD)","APEADERO"
"05774","GARRAFE (APD)","APEADERO"
"05775","PALAZUELO (APD)","APEADERO"
"05777","VILLAQUILAMBRE (APD)","APEADERO"
"05786","MATUECA (APD)","APEADERO"
"05787","NAREDO (APD)","APEADERO"
"05788","ROBLES (APD)","APEADERO"
"05789","CAMPOHERMOSO (APD)","APEADERO"
"05793","LA MATA DE LA RIBA (APD)","APEADERO"
"05794","LA RAYA (APD)","APEADERO"
"05795","OTERO (APD)","APEADERO"
"05796","VILLA ROMANA (APD)","APEADERO"
"05798","LA DEVESA (APD)","APEADERO"
"05799","CEREZAL DE LA GUZPEÑA (APD)","APEADERO"
"05805","BARRIO DE LAS OLLAS(APD)","APEADERO"
"05807","VALDERILLA (APD)","APEADERO"
"05952","HOSPITAL (APD)","APEADERO"
"05955","VISTA ALEGRE (APD)","APEADERO"
"05959","ALUMBRES (APD)","APEADERO"
"05961","LA ESPERANZA (APD)","APEADERO"
"05963","LA UNION VIEJA (APD)","APEADERO"
"05969","LLANO DEL BEAL (APD)","APEADERO"
"05973","LOS NIETOS-VIEJOS (APD)","APEADERO"
"05975","LOS NIETOS-PESCADERIA (APD)","APEADERO"
"05244","EL PITO PIÑERA (APD)","APEADERO"
"05561","VILLAHORMES (APD)","APEADERO"
"05460","KASTREXANA (APD)","APEADERO"
"05295","TOL (APD)","APEADERO"
"05301","LA ARGAÑOSA-LAVAPIES (APD)","APEADERO"
"05319","SANDICHE (APD)","APEADERO"
"05355","PARTEAYER (APD)","APEADERO"
"05377","CABORANA (APD)","APEADERO"
"05387","LEVINCO (APD)","APEADERO"
"05413","NOREÑA (APD)","APEADERO"
"05431","CIAÑO-ESCOBIO (APD)","APEADERO"
"05441","BARREDOS (APD)","APEADERO"
"05471","GÜEÑES (APD)","APEADERO"
"05785","VILLASINTA (APD)","APEADERO"
"05481","LA HERRERA (APD)","APEADERO"
"05484","MIMETIZ (APD)","APEADERO"
"05485","LA CALZADA (APD)","APEADERO"
"05486","OTXARAN (APD)","APEADERO"
"05489","ARTZENTALES (APD)","APEADERO"
"05491","EL PESO (APD)","APEADERO"
"05493","VILLAVERDE DE TRUCIOS (APD)","APEADERO"
"05504","PARQUE PRINCIPADO (APD)","APEADERO"
"05508","FONCIELLO (APD)","APEADERO"
"05511","LA CARRERA DE SIERO (APD)","APEADERO"
"05515","LOS CORROS (APD)","APEADERO"
"05521","EL REMEDIO (APD)","APEADERO"
"05522","LLAMES (APD)","APEADERO"
"05525","FUENTE SANTA DE NAVA (APD)","APEADERO"
"05527","CECEDA (APD)","APEADERO"
"05531","PINTUELES (APD)","APEADERO"
"05541","OZANES (APD)","APEADERO"
"05542","POLICLINICO (APD)","APEADERO"
"05545","FUENTES (APD)","APEADERO"
"05549","CUEVAS (APD)","APEADERO"
"05555","CAMANGO (APD)","APEADERO"
"05557","BELMONTE DE PRIA (APD)","APEADERO"
"05565","BALMORI (APD)","APEADERO"
"05567","CELORIO (APD)","APEADERO"
"05569","POO (APD)","APEADERO"
"05573","SAN ROQUE DEL ACEBAL (APD)","APEADERO"
"05575","VIDIAGO (APD)","APEADERO"
"05577","PENDUELES (APD)","APEADERO"
"05579","COLOMBRES (APD)","APEADERO"
"05602","VALDECILLA-LA MARGA (APD)","APEADERO"
"05603","CAZOÑA (APD)","APEADERO"
"05607","MORTERA (APD)","APEADERO"
"05609","BOO DE PIELAGOS (APD)","APEADERO"
"05613","GORNAZO (APD)","APEADERO"
"05615","MAR (APD)","APEADERO"
"05620","ALTAMIRA (APD)","APEADERO"
"05622","GANZO (APD)","APEADERO"
"05625","SANTA ISABEL DE QUIJAS (APD)","APEADERO"
"05629","GOLBARDO (APD)","APEADERO"
"05635","ONTORIA (APD)","APEADERO"
"05643","ROIZ (APD)","APEADERO"
"05644","EL BARCENAL (APD)","APEADERO"
"05647","PESUES (APD)","APEADERO"
"05652","VALLE REAL (APD)","APEADERO"
"05658","LA CANTABRICA (APD)","APEADERO"
"05659","SAN SALVADOR (APD)","APEADERO"
"05667","CECEÑAS (APD)","APEADERO"
"05669","LA CAVADA (APD)","APEADERO"
"05672","PUENTE AGÜERO (APD)","APEADERO"
"05673","VILLAVERDE DE PONTONES (APD)","APEADERO"
"05681","CICERO (APD)","APEADERO"
"05685","LIMPIAS (APD)","APEADERO"
"05689","UDALLA (APD)","APEADERO"
"05721","ARLA BERRON (APD)","APEADERO"
"05722","UNGO NAVA (APD)","APEADERO"
"05723","MENAMAYOR (APD)","APEADERO"
"05725","ANZO (APD)","APEADERO"
"05726","VIGO-SIONES (APD)","APEADERO"
"05727","CADAGUA (APD)","APEADERO"
"05728","CANTONAD (APD)","APEADERO"
"05729","LA SILLA (APD)","APEADERO"
"05730","BERCEDO-MONTIJA (APD)","APEADERO"
"05731","QUINTANA DE LOS PRADOS (APD)","APEADERO"
"05733","REDONDO (APD)","APEADERO"
"05237","PEÑAULLAN (APD)","APEADERO"
"05239","SANTIANES (APD)","APEADERO"
"05241","LOS CABOS (APD)","APEADERO"
"05247","VILLADEMAR (APD)","APEADERO"
"05249","LA MAGDALENA (APD)","APEADERO"
"05251","SAN MARTIN DE LUIÑA (APD)","APEADERO"
"05253","SAN COSME (APD)","APEADERO"
"05257","VALDREDO (APD)","APEADERO"
"05259","NOVELLANA (APD)","APEADERO"
"05261","SANTA MARINA (APD)","APEADERO"
"05263","BALLOTA (APD)","APEADERO"
"05265","TABLIZO (APD)","APEADERO"
"05267","CADAVEDO (APD)","APEADERO"
"05269","SAN CRISTOBAL (APD)","APEADERO"
"05271","CANERO (APD)","APEADERO"
"05273","BARCIA (APD)","APEADERO"
"05277","OTUR (APD)","APEADERO"
"05279","VILLAPEDRE (APD)","APEADERO"
"05281","PIÑERA-VILLAORIL (APD)","APEADERO"
"05285","MEDAL (APD)","APEADERO"
"05287","LOZA (APD)","APEADERO"
"05289","CARTAVIO (APD)","APEADERO"
"05291","LA CARIDAD (APD)","APEADERO"
"05293","TAPIA (APD)","APEADERO"
"05297","LAS CAMPAS DE CASTROPOL (APD)","APEADERO"
"05299","CASTROPOL (APD)","APEADERO"
"05300","VALLOBIN (APD)","APEADERO"
"05302","LAS CAMPAS (APD)","APEADERO"
"05303","LAS MAZAS (APD)","APEADERO"
"05306","SAN PEDRO DE NORA (APD)","APEADERO"
"05308","SOTO UDRION (APD)","APEADERO"
"05309","CACES (APD)","APEADERO"
"05316","PEÑAFLOR DE GRADO (APD)","APEADERO"
"05320","ACES (APD)","APEADERO"
"05323","BEIFAR (APD)","APEADERO"
"05327","SAN RANON (APD)","APEADERO"
"05351","PALOMAR (APD)","APEADERO"
"05357","PEÑAMIEL (APD)","APEADERO"
"05361","BAIÑA (APD)","APEADERO"
"05371","CAUDALIA (APD)","APEADERO"
"05376","SANTA CRUZ (APD)","APEADERO"
"05380","SAN ANTONIO (APD)","APEADERO"
"05381","OYANCO (APD)","APEADERO"
"05382","CORIGOS (APD)","APEADERO"
"05384","SANTA ANA-SOTO (APD)","APEADERO"
"05403","TREMAÑES-LANGREO (APD)","APEADERO"
"05410","XIXUN (APD)","APEADERO"
"05412","PUENTE BURACOS (APD)","APEADERO"
"05416","VALDESOTO (APD)","APEADERO"
"05420","CURUXONA (APD)","APEADERO"
"05425","LA FELGUERA-VEGA (APD)","APEADERO"
"05429","SAMA-LOS LLERONES (APD)","APEADERO"
"05432","SAN VICENTE (APD)","APEADERO"
"05435","CARROCERA (APD)","APEADERO"
"05436","SAN MARTIN (APD)","APEADERO"
"05439","BLIMEA (APD)","APEADERO"
"05459","SANTA AGUEDA (APD)","APEADERO"
"05465","LA QUADRA (APD)","APEADERO"
"05469","ARTXUBE (APD)","APEADERO"
"05470","LAMBARRI (APD)","APEADERO"
"05474","ARANGUREN-APEADERO","APEADERO"
"05477","COLEGIO (APD)","APEADERO"
"05479","IBARRA (APD)","APEADERO"
"05480","BOLUNBURU (APD)","APEADERO"
"11522","INTXAURRONDO (APD)","APEADERO"
"50704","EL CAÑAMO (APD)","APEADERO"
"78806","LA SAGRERA-MERIDIANA (APD)","APEADERO"
"70807","ZARAGOZA-GOYA (APD)","APEADERO"
"43000","SAN JERONIMO (APD)","APEADERO"
"05102","SAN XOAN (APD)","APEADERO"
"05103","SANTA ICIA (APD)","APEADERO"
"05104","VIRXE DO MAR (APD)","APEADERO"
"05105","PIÑEIROS (APD)","APEADERO"
"05106","O PONTO (APD)","APEADERO"
"05108","O ALTO DO CASTIÑEIRO (APD)","APEADERO"
"05109","FERRERIAS (APD)","APEADERO"
"05111","SEDES (APD)","APEADERO"
"05113","PEDROSO DE NARON (APD)","APEADERO"
"05117","LAMAS (APD)","APEADERO"
"05119","APALLA (APD)","APEADERO"
"05123","LABACENGOS (APD)","APEADERO"
"05125","ENTRAMBARRIAS (APD)","APEADERO"
"05129","A CUQUEIRA (APD)","APEADERO"
"05131","SANTA MARIA DE MERA (APD)","APEADERO"
"05135","SAN CLODIO (APD)","APEADERO"
"05137","SENRA (APD)","APEADERO"
"05141","ESPASANTE (APD)","APEADERO"
"05143","LOIBA (APD)","APEADERO"
"05145","O BARQUEIRO (APD)","APEADERO"
"05147","O VICEDO (APD)","APEADERO"
"05149","MOSENDE (APD)","APEADERO"
"05151","FOLGUEIRO (APD)","APEADERO"
"05153","COVAS DE VIVEIRO (APD)","APEADERO"
"05156","VIVEIRO-APEADERO","APEADERO"
"05157","XUANCES (APD)","APEADERO"
"05159","XOVE-POBO (APD)","APEADERO"
"05163","LAGO (APD)","APEADERO"
"05165","BIDUEIROS (APD)","APEADERO"
"05167","SAN CIBRAO (APD)","APEADERO"
"05169","MADEIRO (APD)","APEADERO"
"05173","CANGAS DE FOZ (APD)","APEADERO"
"05175","NOIS (APD)","APEADERO"
"05177","FAZOURO (APD)","APEADERO"
"05179","MARZAN (APD)","APEADERO"
"05181","FOZ (APD)","APEADERO"
"05183","BARREIROS (APD)","APEADERO"
"05185","REINANTE (APD)","APEADERO"
"05187","ESTEIRO (APD)","APEADERO"
"05189","OS CASTROS (APD)","APEADERO"
"05191","RINLO (APD)","APEADERO"
"05197","VEGADEO PUEBLO (APD)","APEADERO"
"05199","VILAVEDELLE (APD)","APEADERO"
"05203","TREMAÑES-CARREÑO (APD)","APEADERO"
"05204","CENTRO DE TRANSPORTES (APD)","APEADERO"
"05207","ABOÑO-APEADERO","APEADERO"
"05208","XIVARES (APD)","APEADERO"
"05210","CANDAS-APEADERO","APEADERO"
"05215","ZANZABORNIN (APD)","APEADERO"
"05216","GUDIN LAMINACION (APD)","APEADERO"
"05218","OFICINAS (APD)","APEADERO"
"05219","LLARANES (APD)","APEADERO"
"05220","CRISTALERIA (APD)","APEADERO"
"05221","AVILES-APEADERO","APEADERO"
"05224","RAICES (APD)","APEADERO"
"05225","SALINAS (APD)","APEADERO"
"05229","VEGARROZADAS (APD)","APEADERO"
"05232","EL PARADOR (APD)","APEADERO"
"05235","RIBERAS (APD)","APEADERO"
"78609","VILADECAVALLS (APD)","APEADERO"
"78610","SANT MIQUEL DE GONTERES (APD)","APEADERO"
"78701","TORREBONICA (APD)","APEADERO"
"78704","SABADELL CENTRE (APD)","APEADERO"
"78705","BARBERA DEL VALLES (APD)","APEADERO"
"78707","MONTCADA I REIXAC-STA. MARIA (APD)","APEADERO"
"78708","MONTCADA I REIXAC-MANRESA (APD)","APEADERO"
"78709","SABADELL NORD (APD)","APEADERO"
"78710","TERRASSA EST (APD)","APEADERO"
"78801","TORRE BARO-VALLBONA (APD)","APEADERO"
"78804","ARC DE TRIOMF (APD)","APEADERO"
"79007","MONTMELO (APD)","APEADERO"
"79009","EL CLOT (APD)","APEADERO"
"79103","PALAUTORDERA (APD)","APEADERO"
"79105","GUALBA (APD)","APEADERO"
"79107","HOSTALRIC (APD)","APEADERO"
"79109","L.FRANQUE.-GRANOLL.NORD(APD)","APEADERO"
"79202","SILS (APD)","APEADERO"
"79204","RIUDELLOTS (APD)","APEADERO"
"79205","FORNELLS DE LA SELVA (APD)","APEADERO"
"79301","CELRA (APD)","APEADERO"
"79302","BORDILS-JUIA (APD)","APEADERO"
"79304","SANT JORDI DESVALLS (APD)","APEADERO"
"79305","CAMALLERA (APD)","APEADERO"
"79311","VILAJUIGA (APD)","APEADERO"
"79314","COLERA (APD)","APEADERO"
"79403","SANT ADRIA DE BESOS (APD)","APEADERO"
"79406","MONTGAT-NORD (APD)","APEADERO"
"79408","OCATA (APD)","APEADERO"
"79409","PREMIA DE MAR (APD)","APEADERO"
"79412","CABRERA DE MAR-V. DE MAR (APD)","APEADERO"
"79501","S. ANDREU DE LLAVANERES (APD)","APEADERO"
"79502","CALDES D'ESTRAC (APD)","APEADERO"
"79607","TORDERA (APD)","APEADERO"
"79608","SANTA SUSANNA (APD)","APEADERO"
"80001","ALTSASU-PUEBLO (APD)","APEADERO"
"80002","BAKAIKU-BACAICOA (APD)","APEADERO"
"80004","LAKUNTZA (APD)","APEADERO"
"80006","H.ARAKIL-VILLANUEVA DE A.(APD)","APEADERO"
"80102","CIZURMAYOR (APD)","APEADERO"
"80111","PITILLAS (APD)","APEADERO"
"80116","MILAGRO (APD)","APEADERO"
"81010","CENICERO-SAN ISIDRO (APD)","APEADERO"
"81011","HARO-EL PARDO (APD)","APEADERO"
"81102","AGONCILLO (APD)","APEADERO"
"81204","BUÑUEL (APD)","APEADERO"
"81206","GALLUR (APD)","APEADERO"
"81208","PEDROLA (APD)","APEADERO"
"81211","LA JOYOSA-TORRES (APD)","APEADERO"
"83006","OLVEGA (APD)","APEADERO"
"83012","CORELLA (APD)","APEADERO"
"84003","ADRADAS (APD)","APEADERO"
"84100","COSCURITA (APD)","APEADERO"
"84103","TARDELCUENDE (APD)","APEADERO"
"84104","QUINTANA REDONDA (APD)","APEADERO"
"92001","VILLAMEJOR (APD)","APEADERO"
"97103","EL TEJAR (APD)","APEADERO"
"97201","RAMON Y CAJAL (APD)","APEADERO"
"98003","FUENTE DE LA MORA (APD)","APEADERO"
"98304","VALDEBEBAS (APD)","APEADERO"
"04402","CAMBRILS (APD)","APEADERO"
"37611","GARROVILLA-LAS VEGAS (APD)","APEADERO"
"64008","CANALS","APEADERO"
"43004","SANLUCAR LA MAYOR (APD)","APEADERO"
"71604","CUBELLES (APD)","APEADERO"
"71702","VALLCARCA (APD)","APEADERO"
"71704","PLATJA DE CASTELLDEFELS (APD)","APEADERO"
"71709","VILADECANS (APD)","APEADERO"
"71802","BARNA.-PASSEIG DE GRACIA (APD)","APEADERO"
"72001","EL MORELL (APD)","APEADERO"
"72002","LA SECUITA-PERAFORT (APD)","APEADERO"
"72003","EL CATLLAR (APD)","APEADERO"
"72004","LA RIERA DE GAIA (APD)","APEADERO"
"72005","LA POBLA DE MONTORNES (APD)","APEADERO"
"72101","RODA DE MAR (APD)","APEADERO"
"72206","LAVERN-SUBIRATS (APD)","APEADERO"
"72208","GELIDA (APD)","APEADERO"
"72211","EL PAPIOL (APD)","APEADERO"
"72302","SANT JOAN DESPI (APD)","APEADERO"
"72304","SANT ILDEFONS DE CORNELLA (APD)","APEADERO"
"72502","SANT CUGAT COLL FAVA (APD)","APEADERO"
"73004","LA FLORESTA (APD)","APEADERO"
"73006","VIMBODI I POBLET (APD)","APEADERO"
"73010","LA RIBA (APD)","APEADERO"
"73102","LA SELVA DEL CAMP (APD)","APEADERO"
"74202","PLASENCIA DEL MONTE (APD)","APEADERO"
"74205","RIGLOS-CONCILIO (APD)","APEADERO"
"74206","RIGLOS (APD)","APEADERO"
"74208","ANZANIGO (APD)","APEADERO"
"74209","CALDEARENAS-AQUILUE (APD)","APEADERO"
"74210","ORNA DE GALLEGO (APD)","APEADERO"
"74214","CASTIELLO-PUEBLO (APD)","APEADERO"
"74215","CASTIELLO (APD)","APEADERO"
"74216","VILLANUA (APD)","APEADERO"
"75101","ALCOLETGE (APD)","APEADERO"
"75102","VILANOVA DE LA BARCA (APD)","APEADERO"
"75103","TERMENS (APD)","APEADERO"
"75104","VALLFOGONA DE BALAGUER (APD)","APEADERO"
"75106","GERB (APD)","APEADERO"
"75107","SANT LLORENÇ DE MONTGAI (APD)","APEADERO"
"75108","VILANOVA DE LA SAL (APD)","APEADERO"
"75109","SANTA LINYA (APD)","APEADERO"
"75110","AGER (APD)","APEADERO"
"75111","CELLERS-LLIMIANA (APD)","APEADERO"
"75112","GUARDIA DE TREMP (APD)","APEADERO"
"75113","PALAU DE NOGUERA (APD)","APEADERO"
"75115","SALAS DE PALLARS (APD)","APEADERO"
"76002","VILABELLA (APD)","APEADERO"
"76003","NULLES-BRAFIM (APD)","APEADERO"
"77003","STA PPTUA DE MOGODA LA FLORIDA (APD","APEADERO"
"77106","BALENYA-ELS HOSTALETS (APD)","APEADERO"
"77112","BORGONYA (APD)","APEADERO"
"77114","LA FARGA DE BEBIE (APD)","APEADERO"
"77301","CAMPDEVANOL (APD)","APEADERO"
"77305","TOSES (APD)","APEADERO"
"77307","URTX-ALP (APD)","APEADERO"
"78404","GOLMES (APD)","APEADERO"
"78405","CASTELLNOU DE SEANA (APD)","APEADERO"
"78406","BELLPUIG (APD)","APEADERO"
"78407","ANGLESOLA (APD)","APEADERO"
"78501","SANT GUIM DE FREIXENET (APD)","APEADERO"
"78502","SANT MARTI SESGUEIOLES (APD)","APEADERO"
"78504","SEGUERS-S.P.SALLAVINERA(APD)","APEADERO"
"78505","AGUILAR DE SEGARRA (APD)","APEADERO"
"78506","RAJADELL (APD)","APEADERO"
"78603","CASTELLGALI (APD)","APEADERO"
"78606","VACARISSES (APD)","APEADERO"
"78607","VACARISSES-TORREBLANCA (APD)","APEADERO"
"66205","VENTA MINA-SIETE AGUAS (APD)","APEADERO"
"66210","CIRCUIT RICARDO TORMO (APD)","APEADERO"
"66214","XIRIVELLA-ALQUERIES (APD)","APEADERO"
"67009","LONGARES (APD)","APEADERO"
"67014","VILLADOZ (APD)","APEADERO"
"67015","BADULES (APD)","APEADERO"
"67016","VILLAHERMOSA (APD)","APEADERO"
"67018","CUENCABUENA (APD)","APEADERO"
"67019","LECHAGO (APD)","APEADERO"
"67021","CALAMOCHA (APD)","APEADERO"
"67101","TORRIJO DEL CAMPO (APD)","APEADERO"
"67103","VILLAFRANCA DEL CAMPO (APD)","APEADERO"
"67207","RUBIELOS DE MORA (APD)","APEADERO"
"67209","TORAS-BEJIS (APD)","APEADERO"
"67214","SEGORBE-ARRABAL (APD)","APEADERO"
"67216","ALGIMIA-CIUDAD (APD)","APEADERO"
"67217","SONEJA (APD)","APEADERO"
"67220","ALGIMIA DE ALFARA-T-TORRES(APD)","APEADERO"
"67223","GILET (APD)","APEADERO"
"67225","ALBENTOSA (APD)","APEADERO"
"69001","GENOVES (APD)","APEADERO"
"69002","BENIGANIM (APD)","APEADERO"
"69003","LA POBLA DEL DUC (APD)","APEADERO"
"69004","MONTABERNER (APD)","APEADERO"
"69005","BUFALI (APD)","APEADERO"
"69006","ALBAIDA (APD)","APEADERO"
"69007","AGULLENT (APD)","APEADERO"
"69009","AGRES (APD)","APEADERO"
"69010","COCENTAINA (APD)","APEADERO"
"69101","EL ROMANI (APD)","APEADERO"
"69111","PLATJA I GRAU DE GANDIA (APD)","APEADERO"
"69200","XIRIVELLA-L'ALTER (APD)","APEADERO"
"70002","ASAMBLEA MADRID-ENTREVIAS (APD)","APEADERO"
"70003","EL POZO (APD)","APEADERO"
"70005","VALLECAS (APD)","APEADERO"
"70107","ALCALA DE H.-UNIVERSIDAD (APD)","APEADERO"
"70109","SANTA EUGENIA (APD)","APEADERO"
"70111","LA GARENA (APD)","APEADERO"
"70203","MALUQUE (APD)","APEADERO"
"70208","CARRASCOSA DE HENARES (APD)","APEADERO"
"70303","ALCUNEZA (APD)","APEADERO"
"70304","HORNA (APD)","APEADERO"
"70405","MONREAL DE ARIZA (APD)","APEADERO"
"70501","CETINA (APD)","APEADERO"
"70503","BUBIERCA (APD)","APEADERO"
"70504","ATECA (APD)","APEADERO"
"70505","TERRER (APD)","APEADERO"
"70602","EMBID DE JALON (APD)","APEADERO"
"70604","SAVIÑAN (APD)","APEADERO"
"70606","PURROY (APD)","APEADERO"
"70701","CALATORAO (APD)","APEADERO"
"70702","SALILLAS DE JALON (APD)","APEADERO"
"70704","RUEDA DE JALON-LUMPIAQUE (APD)","APEADERO"
"70705","PLASENCIA DE JALON (APD)","APEADERO"
"70707","PINSEQUE (APD)","APEADERO"
"70801","UTEBO (APD)","APEADERO"
"71102","EL BURGO DE EBRO (APD)","APEADERO"
"71104","PINA (APD)","APEADERO"
"71109","AZAILA (APD)","APEADERO"
"71302","CAPÇANES (APD)","APEADERO"
"71305","DUESAIGÜES-L'ARGENTERA (APD)","APEADERO"
"71401","VILA-SECA (APD)","APEADERO"
"71601","CALAFELL (APD)","APEADERO"
"71602","SEGUR DE CALAFELL (APD)","APEADERO"
"54510","EL PINILLO (APD)","APEADERO"
"54512","TORREMUELLE (APD)","APEADERO"
"54513","CARVAJAL (APD)","APEADERO"
"54514","TORREBLANCA (APD)","APEADERO"
"54515","LOS BOLICHES (APD)","APEADERO"
"54517","MALAGA-CENTRO ALAMEDA (APD)","APEADERO"
"54518","LOS ALAMOS (APD)","APEADERO"
"54519","MONTEMAR ALTO (APD)","APEADERO"
"54520","PLAZA MAYOR (APD)","APEADERO"
"55002","TEBA (APD)","APEADERO"
"55014","SAN PABLO (APD)","APEADERO"
"55017","ALMORAIMA (APD)","APEADERO"
"56001","TORREBLASCOPEDRO (APD)","APEADERO"
"56103","BENALUA DE GUADIX (APD)","APEADERO"
"60106","SESEÑA (APD)","APEADERO"
"60107","SAN CRISTOBAL DE LOS A. (APD)","APEADERO"
"60109","EL CASAR (APD)","APEADERO"
"60115","PARQUE DE OCIO (APD)","APEADERO"
"60201","LAS INFANTAS (APD)","APEADERO"
"60205","EL CASAR DE LA GUARDIA (APD)","APEADERO"
"60913","SANT VICENT CENTRE (APD)","APEADERO"
"60914","UNIVERSIDAD DE ALICANTE (APD)","APEADERO"
"61004","TOBARRA (APD)","APEADERO"
"61015","ARCHENA-FORTUNA (APD)","APEADERO"
"61100","ALCANTARILLA (APD)","APEADERO"
"61304","TORRE-PACHECO (APD)","APEADERO"
"62102","ELX-CARRUS (APD)","APEADERO"
"64005","MONTESA (APD)","APEADERO"
"64007","L'ENOVA-MANUEL (APD)","APEADERO"
"64103","CARCAIXENT (APD)","APEADERO"
"64202","MASSANASSA (APD)","APEADERO"
"65001","ROCA-CUPER (APD)","APEADERO"
"65003","VALENCIA-CABANYAL (APD)","APEADERO"
"65005","ALBUIXECH (APD)","APEADERO"
"65007","EL PUIG (APD)","APEADERO"
"65201","LES VALLS (APD)","APEADERO"
"65203","LA LLOSA (APD)","APEADERO"
"65204","CHILCHES (APD)","APEADERO"
"65206","NULES-VILLAVIEJA (APD)","APEADERO"
"65209","ALMASSORA (APD)","APEADERO"
"65403","CAMARLES-DELTEBRE (APD)","APEADERO"
"65404","L'AMPOLLA-PERELLO-DELTEBRE (APD)","APEADERO"
"66001","ONTIGOLA (APD)","APEADERO"
"66003","NOBLEJAS  (APD)","APEADERO"
"66004","VILLARRUBIA DE SANTIAGO (APD)","APEADERO"
"66005","SANTA CRUZ DE LA ZARZA (APD)","APEADERO"
"66008","HUELVES (APD)","APEADERO"
"66009","PAREDES DE MELO (APD)","APEADERO"
"66010","VELLISCA (APD)","APEADERO"
"66012","CARACENILLA (APD)","APEADERO"
"66013","CASTILLEJO DEL ROMERAL (APD)","APEADERO"
"66014","CUEVAS DE VELASCO (APD)","APEADERO"
"66015","VILLAR DEL SAZ DE NAVALON (APD)","APEADERO"
"66016","CHILLARON (APD)","APEADERO"
"66102","LOS PALANCARES (APD)","APEADERO"
"66103","CAÑADA DEL HOYO (APD)","APEADERO"
"66105","ARGUISUELAS (APD)","APEADERO"
"66108","YEMEDA-CARDENETE (APD)","APEADERO"
"66109","VILLORA (APD)","APEADERO"
"66110","ENGUIDANOS (APD)","APEADERO"
"66113","LAS CUEVAS (APD)","APEADERO"
"66201","SAN ANTONIO DE REQUENA (APD)","APEADERO"
"66202","REQUENA (APD)","APEADERO"
"66204","SIETE AGUAS (APD)","APEADERO"
"35605","ALCORCON  (APD)","APEADERO"
"35610","LAS RETAMAS (APD)","APEADERO"
"35701","MENDEZ ALVARO (APD)","APEADERO"
"35702","DOCE DE OCTUBRE (APD)","APEADERO"
"35704","PUENTE ALCOCER (APD)","APEADERO"
"36003","CARMONITA (APD)","APEADERO"
"37010","LAS MARGARITAS (APD)","APEADERO"
"37011","GETAFE - SECTOR 3 (APD)","APEADERO"
"37404","CAMPANARIO (APD)","APEADERO"
"37408","MEDELLIN (APD)","APEADERO"
"37409","VALDETORRES (APD)","APEADERO"
"37411","VILLAGONZALO (APD)","APEADERO"
"37608","MONTIJO-EL MOLINO (APD)","APEADERO"
"40006","LOS SANTOS DE MAIMONA (APD)","APEADERO"
"40008","ZAFRA FERIA (APD)","APEADERO"
"40101","BALNEARIO DE EL RAPOSO (APD)","APEADERO"
"40107","FUENTE DEL ARCO (APD)","APEADERO"
"40110","HAMAPEGA (APD)","APEADERO"
"40111","ALANIS (APD)","APEADERO"
"40118","ARENILLAS (APD)","APEADERO"
"40121","ALCOLEA DEL RIO (APD)","APEADERO"
"40122","TOCINA (APD)","APEADERO"
"42002","MEDINA DE LAS TORRES (APD)","APEADERO"
"42009","ALMONASTER-CORTEGANA(APD)","APEADERO"
"42010","GIL MARQUEZ (APD)","APEADERO"
"42013","EL TAMUJOSO (APD)","APEADERO"
"42014","EL CERRO DE ANDEVALO (APD)","APEADERO"
"42016","LOS MILANOS (APD)","APEADERO"
"42018","EL COBUJON (APD)","APEADERO"
"42019","BELMONTE (APD)","APEADERO"
"42021","PEGUERILLAS (APD)","APEADERO"
"43002","CAMAS (APD)","APEADERO"
"43007","HUEVAR (APD)","APEADERO"
"43012","VILLARRASA (APD)","APEADERO"
"43014","SANLUCAR LA MAYOR (APD)","APEADERO"
"43015","NIEBLA-PUERTA DEL BUEY (APD)","APEADERO"
"43021","SAN JUAN DEL PUERTO (APD)","APEADERO"
"43024","HUELVA-MERCANCIAS (APD)","APEADERO"
"50417","CAMPUS UNIVERS. DE RABANALES(APD)","APEADERO"
"50602","GUADAJOZ (APD)","APEADERO"
"50701","CANTILLANA (APD)","APEADERO"
"50703","LA RINCONADA (APD)","APEADERO"
"51009","PALACIO DE CONGRESOS (APD)","APEADERO"
"51010","PADRE PIO-PALMETE (APD)","APEADERO"
"51051","ESTADIO OLIMPICO (APD)","APEADERO"
"51100","SAN BERNARDO  (APD)","APEADERO"
"51102","LOS MERINALES (APD)","APEADERO"
"51110","VIRGEN DEL ROCIO (APD)","APEADERO"
"51111","BELLAVISTA (APD)","APEADERO"
"51112","CANTAELGALLO (APD)","APEADERO"
"51401","PUERTO REAL (APD)","APEADERO"
"51402","SAN FERNANDO-CENTRO (APD)","APEADERO"
"51404","SEGUNDA AGUADA (APD)","APEADERO"
"51409","ESTADIO (APD)","APEADERO"
"51414","SAN SEVERIANO (APD)","APEADERO"
"51416","UNIVERSIDAD DE CADIZ (APD)","APEADERO"
"51417","VALDELAGRANA (APD)","APEADERO"
"54501","VICTORIA KENT (APD)","APEADERO"
"54503","GUADALHORCE (APD)","APEADERO"
"54504","TERMINAL DE CARGAS (APD)","APEADERO"
"54505","AEROPUERTO (APD)","APEADERO"
"54506","SAN JULIAN (APD)","APEADERO"
"54507","CAMPO DE GOLF-CAMPAMENTO (APD)","APEADERO"
"54508","LA COLINA (APD)","APEADERO"
"21002","MIÑO (APD)","APEADERO"
"21003","PERBES (APD)","APEADERO"
"21005","CABANAS (APD)","APEADERO"
"21006","FRANZA (APD)","APEADERO"
"21007","BARALLOBRE (APD)","APEADERO"
"21008","PERLIO (APD)","APEADERO"
"22002","AREAS (APD)","APEADERO"
"22004","SAN PEDRO DO SIL (APD)","APEADERO"
"22105","POUSA-CRECENTE (APD)","APEADERO"
"22107","SELA (APD)","APEADERO"
"22110","CALDELAS (APD)","APEADERO"
"22302","CHAPELA (APD)","APEADERO"
"23000","REDONDELA-PICOTA (APD)","APEADERO"
"23001","CESANTES (APD)","APEADERO"
"23002","ARCADE (APD)","APEADERO"
"23003","FIGUEIRIDO (APD)","APEADERO"
"23013","OSEBE (APD)","APEADERO"
"23018","PONTEVEDRA UNIVERSIDAD (APD)","APEADERO"
"30110","LA ALAMEDILLA (APD)","APEADERO"
"31003","POLLOS (APD)","APEADERO"
"31009","CORESES (APD)","APEADERO"
"31105","LOSACIO-SAN MARTIN (APD)","APEADERO"
"31106","FERRERUELA DE TABARA (APD)","APEADERO"
"31107","ABEJERA (APD)","APEADERO"
"31109","CABAÑAS DE ALISTE (APD)","APEADERO"
"31110","LA TORRE DE ALISTE-POBLADURA (AP","APEADERO"
"31113","ROBLEDO DE SANABRIA (APD)","APEADERO"
"31212","PONTEAMBIA (APD)","APEADERO"
"31215","OURENSE-SAN FRANCISCO (APD)","APEADERO"
"31303","A FRIELA-MASIDE (APD)","APEADERO"
"31305","BOBORAS (APD)","APEADERO"
"31307","SAN XOAN DE VILANOVA (APD)","APEADERO"
"31310","SILLEDA (APD)","APEADERO"
"31403","GARGA-TRASMONTE (APD)","APEADERO"
"31407","CERCEDA (APD)","APEADERO"
"31408","VILA DA IGREXA (APD)","APEADERO"
"32003","FRESNO EL VIEJO (APD)","APEADERO"
"32006","EL PEDROSO DE LA ARMUÑA (APD)","APEADERO"
"32007","PITIEGUA (APD)","APEADERO"
"32009","MORISCOS (APD)","APEADERO"
"33004","ROBLIZA (APD)","APEADERO"
"33007","MUÑOZ (APD)","APEADERO"
"33009","MARTIN DE YELTES (APD)","APEADERO"
"33010","EL COLLADO (APD)","APEADERO"
"33012","EL SALTO (APD)","APEADERO"
"33014","CARPIO DE AZABA (APD)","APEADERO"
"34003","MONSALUPE (APD)","APEADERO"
"34004","AVEINTE (APD)","APEADERO"
"34007","CRESPOS (APD)","APEADERO"
"34008","NARROS DEL CASTILLO (APD)","APEADERO"
"34011","VILLAR DE GALLIMAZO (APD)","APEADERO"
"34013","SAN MORALES (APD)","APEADERO"
"34014","ALDEALENGUA (APD)","APEADERO"
"35009","ZARZAQUEMADA (APD)","APEADERO"
"35010","LA SERNA-FUENLABRADA (APD)","APEADERO"
"35011","PARQUE POLVORANCA (APD)","APEADERO"
"35102","BARGAS (APD)","APEADERO"
"35207","CASATEJADA (APD)","APEADERO"
"35302","CASAS DE MILLAN (APD)","APEADERO"
"35304","RIO TAJO (APD)","APEADERO"
"35404","HERRERUELA (APD)","APEADERO"
"35407","KM. 428,5 (FRONTERA)","APEADERO"
"35601","MAESTRA JUSTA FREIRE-P.ALUCHE (APD)","APEADERO"
"35602","LAS AGUILAS (APD)","APEADERO"
"15011","BERCIANOS DEL REAL CAMINO (APD)","APEADERO"
"15105","LA SECA (APD)","APEADERO"
"15107","BUEN SUCESO (APD)","APEADERO"
"15111","VILLASIMPLIZ (APD)","APEADERO"
"15119","LA FRECHA (APD)","APEADERO"
"15121","LA COBERTORIA (APD)","APEADERO"
"15123","VILLALLANA (APD)","APEADERO"
"15202","SANTULLANO (APD)","APEADERO"
"15203","MIERES-PUENTE (APD)","APEADERO"
"15206","LA PEREDA-RIOSA (APD)","APEADERO"
"15209","LAS SEGADAS (APD)","APEADERO"
"15214","LUGO DE LLANERA-BASE (APD)","APEADERO"
"15217","LA CORREDORIA (APD)","APEADERO"
"15218","LLAMAQUIQUE (APD)","APEADERO"
"15303","MONTEANA (APD)","APEADERO"
"15305","VILLABONA-TABLADIELLO (APD)","APEADERO"
"16001","STA. EULALIA DE MANZANEDA (APD)","APEADERO"
"16006","BARROS (APD)","APEADERO"
"16010","CIAÑO (APD)","APEADERO"
"16301","FERROÑES (APD)","APEADERO"
"16402","LA ROCICA (APD)","APEADERO"
"16406","LOS CAMPOS (APD)","APEADERO"
"16408","LOS CAMPOS (APD)","APEADERO"
"17003","EL GOLOSO (APD)","APEADERO"
"17007","SOTO EL REAL (APD)","APEADERO"
"17010","DIPUTACION (APD)","APEADERO"
"17106","BRAOJOS-LA SERNA (APD)","APEADERO"
"17110","BOCEGUILLAS (APD)","APEADERO"
"17112","MADERUELO-LINARES (APD)","APEADERO"
"17113","FUENTELCESPED-SANTA CRUZ (APD)","APEADERO"
"17114","GARGANTA DE LOS MONTES (APD)","APEADERO"
"17115","LA ACEBEDA (APD)","APEADERO"
"17116","SANTA CRUZ DE LA SALCEDA (APD)","APEADERO"
"17201","GUMIEL DE HIZAN (APD)","APEADERO"
"17204","FONTIOSO (APD)","APEADERO"
"17205","LERMA (APD)","APEADERO"
"17206","VILLAMAYOR DE LOS MONTES (APD)","APEADERO"
"17208","SARRACIN (APD)","APEADERO"
"18001","MADRID-RECOLETOS (APD)","APEADERO"
"18003","MENDEZ ALVARO (APD)","APEADERO"
"18004","DELICIAS (APD)","APEADERO"
"18005","PIRAMIDES (APD)","APEADERO"
"18101","SOL (APD)","APEADERO"
"19001","UNIV.PONTIFICIA DE COMILLAS (APD)","APEADERO"
"19002","VALDELASFUENTES (APD)","APEADERO"
"20007","NISTAL (APD)","APEADERO"
"20008","VILLAVANTE (APD)","APEADERO"
"20101","OTERO DE ESCARPIZO (APD)","APEADERO"
"20112","VILLAVERDE DE LOS CESTOS (APD)","APEADERO"
"20202","POSADA DEL BIERZO (APD)","APEADERO"
"20203","VILLADEPALOS (APD)","APEADERO"
"20206","LA BAROSA (APD)","APEADERO"
"20209","PUMARES (APD)","APEADERO"
"20302","BOVEDA (APD)","APEADERO"
"20306","PEDRELO-CELTIGOS (APD)","APEADERO"
"20311","BEGONTE (APD)","APEADERO"
"20313","PARGA (APD)","APEADERO"
"20315","ARANGA (APD)","APEADERO"
"20318","PIÑOI (APD)","APEADERO"
"20319","CESURAS (APD)","APEADERO"
"20401","GUISAMO (APD)","APEADERO"
"20402","CECEBRE (APD)","APEADERO"
"20403","CAMBRE (APD)","APEADERO"
"20410","ELVIÑA-UNIVERSIDADE (APD)","APEADERO"
"12011","LOS ANGELES DE SAN R. (APD)","APEADERO"
"12012","OTERO-HERREROS (APD)","APEADERO"
"12013","ORTIGOSA DEL MONTE (APD)","APEADERO"
"12015","CERCEDILLA-PUEBLO (APD)","APEADERO"
"12016","LAS ERAS Y LOS CASTAÑOS (APD)","APEADERO"
"12017","CAMORRITOS (APD)","APEADERO"
"12018","SIETE PICOS (APD)","APEADERO"
"12019","COLLADO ALBO (APD)","APEADERO"
"12021","DOS CASTILLAS (APD)","APEADERO"
"12022","VAQUERIZAS (APD)","APEADERO"
"13102","SALBIO (APD)","APEADERO"
"13103","LUIAONDO (APD)","APEADERO"
"13104","SANTA CRUZ DE LLODIO (APD)","APEADERO"
"13107","ARETA (APD)","APEADERO"
"13108","ARBIDE (APD)","APEADERO"
"13109","ARRANKUDIAGA (APD)","APEADERO"
"13112","BASAURI (APD)","APEADERO"
"13115","BAKIOLA (APD)","APEADERO"
"13116","IÑARRATXU (APD)","APEADERO"
"13117","ARAKALDO (APD)","APEADERO"
"13118","ABAROA-SAN MIGUEL (APD)","APEADERO"
"13119","LA PEÑA DE BILBAO (APD)","APEADERO"
"13120","MIRIBILLA (APD)","APEADERO"
"13121","AMURRIO IPARRALDE (APD)","APEADERO"
"13205","ZABALBURU (APD)","APEADERO"
"13206","AMETZOLA (APD)","APEADERO"
"13207","AUTONOMIA (APD)","APEADERO"
"13208","SAN MAMES (APD)","APEADERO"
"13401","SESTAO (APD)","APEADERO"
"13402","LA IBERIA (APD)","APEADERO"
"13403","PORTUGALETE  (APD)","APEADERO"
"13404","PEÑOTA (APD)","APEADERO"
"13502","TRAPAGA (APD)","APEADERO"
"13507","URIOSTE (APD)","APEADERO"
"13508","GALLARTA (APD)","APEADERO"
"13509","SAGRADA FAMILIA (APD)","APEADERO"
"14102","AMUSCO (APD)","APEADERO"
"14103","PIÑA (APD)","APEADERO"
"14105","MARCILLA DE CAMPOS (APD)","APEADERO"
"14106","LAS CABAÑAS DE CASTILLA (APD)","APEADERO"
"14108","ESPINOSA DE VILLAGONZALO (APD)","APEADERO"
"14110","SAN CRISTOBAL DE BOEDO (APD)","APEADERO"
"14113","MAVE (APD)","APEADERO"
"14115","QUINTANILLA DE LAS TORRES (APD)","APEADERO"
"14117","EL CARRION (APD)","APEADERO"
"14207","MOLLEDO-PORTOLIN (APD)","APEADERO"
"14208","SANTA CRUZ DE IGUÑA (APD)","APEADERO"
"14211","LAS CALDAS DE BESAYA (APD)","APEADERO"
"14212","VIERNOLES (APD)","APEADERO"
"14214","SIERRAPANDO (APD)","APEADERO"
"14215","ZURITA (APD)","APEADERO"
"14217","PARBAYON (APD)","APEADERO"
"14220","MALIAÑO (APD)","APEADERO"
"14230","VALDECILLA (APD)","APEADERO"
"14231","NUEVA MONTAÑA (APD)","APEADERO"
"14232","LOMBERA (APD)","APEADERO"
"14233","RIO EBRO (APD)","APEADERO"
"14234","PUJAYO (APD)","APEADERO"
"14235","ARENAS DE IGUÑA (APD)","APEADERO"
"14236","VIOÑO (APD)","APEADERO"
"14237","MURIEDAS-BAHIA (APD)","APEADERO"
"15001","GRIJOTA (APD)","APEADERO"
"15006","CISNEROS (APD)","APEADERO"
"15008","GRAJAL (APD)","APEADERO"
"00004","EL PORVENIR ( APD )","APEADERO"
"00007","VILLANUEVA DEL REY (APD)","APEADERO"
"05003","SIERRA ELVIRA (APD)","APEADERO"
"05005","ANZOLA (APD)","APEADERO"
"05006","SAN PASCUAL (APD)","APEADERO"
"05007","ILLORA-LACHAR (APD)","APEADERO"
"05008","ALOMARTES (APD)","APEADERO"
"05010","VILLANUEVA-MESIA (APD)","APEADERO"
"05011","HUETOR-TAJAR (APD)","APEADERO"
"05013","LOJA-SAN FRANCISCO (APD)","APEADERO"
"05014","RIOFRIO (APD)","APEADERO"
"06005","LORCA-SAN DIEGO (APD)","APEADERO"
"06007","PUERTO LUMBRERAS (APD)","APEADERO"
"06008","ALCANTARILLA-LOS ROMANOS (APD)","APEADERO"
"06100","ALMENDRICOS (APD)","APEADERO"
"07001","PULPI (APD)","APEADERO"
"07003","JARAVIA (APD)","APEADERO"
"07007","AGUILAS-EL LABRADORCICO (APD)","APEADERO"
"10001","ARAVACA (APD)","APEADERO"
"10005","LAS ROZAS (APD)","APEADERO"
"10007","MAJADAHONDA (APD)","APEADERO"
"10010","EL BARRIAL-C.COM.- POZUELO (APD)","APEADERO"
"10104","GALAPAGAR-LA NAVATA (APD)","APEADERO"
"10201","SAN YAGO (APD)","APEADERO"
"10202","LAS ZORRERAS-NAVALQUEJIGO (APD)","APEADERO"
"10209","EL PIMPOLLAR (APD)","APEADERO"
"10404","VELAYOS (APD)","APEADERO"
"10406","ADANERO (APD)","APEADERO"
"10407","ADANERO-M. (APD)","APEADERO"
"10408","ORBITA-ESPINOSA (APD)","APEADERO"
"10502","MATAPOZUELOS (APD)","APEADERO"
"10604","CUBILLAS DE SANTA MARTA (APD)","APEADERO"
"10610","VALLADOLID UNIVERSIDAD (APD)","APEADERO"
"11008","LOS BALBASES (APD)","APEADERO"
"11104","BARRIOS DE COLINA (APD)","APEADERO"
"11107","CASTIL DE PEONES (APD)","APEADERO"
"11204","LA PUEBLA DE ARGANZON (APD)","APEADERO"
"11206","TRESPUENTES (APD)","APEADERO"
"11209","ESTIVALIZ-OREITIA (APD)","APEADERO"
"11211","EZKEREKOTXA (APD)","APEADERO"
"11214","EGUINO (APD)","APEADERO"
"11215","ZIORDIA (APD)","APEADERO"
"11216","OLAZTI-OLAZAGUTIA (APD)","APEADERO"
"11304","ZEGAMA (APD)","APEADERO"
"11306","LEGAZPI (APD)","APEADERO"
"11402","ORMAIZTEGUI (APD)","APEADERO"
"11405","ORDIZIA (APD)","APEADERO"
"11406","ITSASONDO (APD)","APEADERO"
"11408","IKAZTEGIETA (APD)","APEADERO"
"11409","ALEGIA (APD)","APEADERO"
"11501","TOLOSA-ERDIA (APD)","APEADERO"
"11502","ANOETA (APD)","APEADERO"
"11504","ANDOAIN-ERDIA (APD)","APEADERO"
"11506","URNIETA (APD)","APEADERO"
"11507","HERNANI-ERDIA (APD)","APEADERO"
"11509","MARTUTENE (APD)","APEADERO"
"11510","LOIOLA / TXOMIN ENEA (APD)","APEADERO"
"11512","GROS (APD)","APEADERO"
"11513","ATEGORRIETA (APD)","APEADERO"
"11514","HERRERA / ALTZA (APD)","APEADERO"
"11518","VENTAS DE IRUN (APD)","APEADERO"
"12001","LOS NEGRALES (APD)","APEADERO"
"12008","GUDILLOS (APD)","APEADERO"
"12009","SAN RAFAEL (APD)","APEADERO"
